ID,Dock,Image,Attractive_VdW,Global_Energy,Repulsive_VdW,ACE,HB
1,OMP 33-36_AMP1.pdb,adeA_AMP1.JPG,-6.94,-14.18,6.11,-5.16,-0.48
2,OMP 33-36_AMP2.pdb,adeA_AMP10.JPG,-26.08,-22.91,8.89,13.18,-3.11
3,OMP 33-36_AMP3.pdb,adeA_AMP11.JPG,-34.72,-54.76,24.71,-4.4,-3.38
4,OMP 33-36_AMP4.pdb,adeA_AMP12.JPG,-2.22,4.57,0.61,2.26,0.1
5,OMP 33-36_AMP5.pdb,adeA_AMP13.JPG,-31.62,-35.57,2.43,19.3,-5.24
6,OMP 33-36_AMP6.pdb,adeA_AMP14.JPG,-32.81,-19.35,35.75,5.73,-2.17
7,OMP 33-36_AMP7.pdb,adeA_AMP15.JPG,-26.36,-58.58,23.01,8.41,-1.79
8,OMP 33-36_AMP8.pdb,adeA_AMP16.JPG,-27.9,-26.83,15.65,7.05,-2.95
9,OMP 33-36_AMP9.pdb,adeA_AMP17.JPG,-40.89,-60.48,31.57,-12.04,-2.51
10,OMP 33-36_AMP10.pdb,adeA_AMP18.JPG,-29.38,-15.51,18.88,18.27,-4.56
11,OMP 33-36_AMP11.pdb,adeA_AMP19.JPG,-34.31,-55.2,10.88,9.03,-5.78
12,OMP 33-36_AMP12.pdb,adeA_AMP2.JPG,-4.12,-4.48,0.66,0.07,-1.24
13,OMP 33-36_AMP13.pdb,adeA_AMP20.JPG,-29.9,-18.89,10.52,11.3,-3.83
14,OMP 33-36_AMP14.pdb,adeA_AMP21.JPG,-23.9,-5.31,3.96,11.41,-1.59
15,OMP 33-36_AMP15.pdb,adeA_AMP22.JPG,-32.35,-9.84,21.05,21.87,-1.25
16,OMP 33-36_AMP16.pdb,adeA_AMP23.JPG,-33.24,-39.8,28.15,15.36,-3.17
17,OMP 33-36_AMP17.pdb,adeA_AMP24.JPG,-27.96,-31.84,17.6,9.71,-3.85
18,OMP 33-36_AMP18.pdb,adeA_AMP25.JPG,-37.19,-61.31,18.64,2.6,-4.01
19,OMP 33-36_AMP19.pdb,adeA_AMP26.JPG,-28.63,-64.69,20.13,13.85,-3.01
20,OMP 33-36_AMP20.pdb,adeA_AMP27.JPG,-26.17,-39.34,9.55,4.87,-0.85
21,OMP 33-36_AMP21.pdb,adeA_AMP28.JPG,-27.39,-16.12,14.46,12.21,-0.3
22,OMP 33-36_AMP22.pdb,adeA_AMP29.JPG,-32.58,-46.86,22.51,2.46,-5.5
23,OMP 33-36_AMP23.pdb,adeA_AMP3.JPG,-27.52,-30.3,23.8,-3.41,-0.91
24,OMP 33-36_AMP24.pdb,adeA_AMP30.JPG,-36.93,-40.26,26.38,5.79,-2.55
25,OMP 33-36_AMP25.pdb,adeA_AMP4.JPG,-40.2,-41.81,31.76,1.59,-4.34
26,OMP 33-36_AMP26.pdb,adeA_AMP5.JPG,-45.47,-22.62,68.01,5.16,-3.66
27,OMP 33-36_AMP27.pdb,adeA_AMP6.JPG,-33.38,-44.61,14.03,17.36,-5.53
28,OMP 33-36_AMP28.pdb,adeA_AMP7.JPG,-21.56,-28.72,5.67,4.57,-4.63
29,OMP 33-36_AMP29.pdb,adeA_AMP8.JPG,-31.94,-24.33,10.11,11.29,-3.73
30,OMP 33-36_AMP30.pdb,adeA_AMP9.JPG,-47.59,-28.84,73.52,7.32,-4.67
31,OMPW_AMP1.pdb,adeC_AMP1.JPG,-8.84,-9.38,6.72,-7.1,0.1
32,OMPW_AMP2.pdb,adeC_AMP10.JPG,-16.07,-0.89,0.57,5.16,-0.44
33,OMPW_AMP3.pdb,adeC_AMP11.JPG,-31.06,-18.33,42.25,-4.41,-1.29
34,OMPW_AMP4.pdb,adeC_AMP12.JPG,-21.15,-53.3,7.46,-16.01,-0.32
35,OMPW_AMP5.pdb,adeC_AMP13.JPG,-25.34,-14.08,14.79,6.9,-3.98
36,OMPW_AMP6.pdb,adeC_AMP14.JPG,-26.05,-7.01,20.01,0.4,-0.87
37,OMPW_AMP7.pdb,adeC_AMP15.JPG,-20.49,-11.48,7.89,8.25,-1.05
38,OMPW_AMP8.pdb,adeC_AMP16.JPG,-19.58,-30.29,3.03,-4.77,-1.22
39,OMPW_AMP9.pdb,adeC_AMP17.JPG,-20.94,-59.28,3.99,-16.09,0.1
40,OMPW_AMP10.pdb,adeC_AMP18.JPG,-29.82,-78.43,9.27,-17.24,-0.69
41,OMPW_AMP11.pdb,adeC_AMP19.JPG,-37.54,-29.61,28,-4.25,-3.12
42,OMPW_AMP12.pdb,adeC_AMP2.JPG,-24.35,-40.21,11.99,-16.23,0.1
43,OMPW_AMP13.pdb,adeC_AMP20.JPG,-13.96,-38.58,4.91,-7.06,0.1
44,OMPW_AMP14.pdb,adeC_AMP21.JPG,-32.02,-55.24,24.16,-13.45,-1.94
45,OMPW_AMP15.pdb,adeC_AMP22.JPG,-18.75,5.85,13.11,9.82,-2.4
46,OMPW_AMP16.pdb,adeC_AMP23.JPG,-19,-64.46,11.46,-14.18,0.1
47,OMPW_AMP17.pdb,adeC_AMP24.JPG,-26.33,-24.24,12.34,4.02,-1.28
48,OMPW_AMP18.pdb,adeC_AMP25.JPG,-27.01,-67.94,9.29,-11.53,-0.38
49,OMPW_AMP19.pdb,adeC_AMP26.JPG,-25.95,-39.11,5.88,-1.91,-2.22
50,OMPW_AMP20.pdb,adeC_AMP27.JPG,-24.9,-34.92,16.71,-5.3,-0.81
51,OMPW_AMP21.pdb,adeC_AMP28.JPG,-18.86,-38.03,7.9,-3.87,-0.93
52,OMPW_AMP22.pdb,adeC_AMP29.JPG,-31.03,-56.6,18.81,-4.44,-3.61
53,OMPW_AMP23.pdb,adeC_AMP3.JPG,-14.51,-5.27,6.43,-3.19,-1.33
54,OMPW_AMP24.pdb,adeC_AMP30.JPG,-28.05,-18.05,13.83,2.84,-5.61
55,OMPW_AMP25.pdb,adeC_AMP4.JPG,-28.26,-30.52,14.6,-5.19,-2.14
56,OMPW_AMP26.pdb,adeC_AMP5.JPG,-29.72,-61.74,12.7,-17.26,-4.14
57,OMPW_AMP27.pdb,adeC_AMP6.JPG,-15.54,-15.48,2.02,6.66,0.1
58,OMPW_AMP28.pdb,adeC_AMP7.JPG,-24.19,-50.67,25.13,-16.83,-0.41
59,OMPW_AMP29.pdb,adeC_AMP8.JPG,-23.53,-29.36,10.24,-6.75,0.1
60,OMPW_AMP30.pdb,adeC_AMP9.JPG,-15.17,-17.06,2.25,8.11,-3.46
61,fimH_AMP1.pdb,adeR_AMP1.JPG,-19.44,-5.08,10.84,-0.36,-2.15
62,fimH_AMP2.pdb,adeR_AMP10.JPG,-31.43,-32.39,26.83,-4.76,-2.79
63,fimH_AMP3.pdb,adeR_AMP11.JPG,-26.97,-39.55,13.29,-3.7,-0.22
64,fimH_AMP4.pdb,adeR_AMP12.JPG,-23.55,-15.39,9.72,6.67,-2.31
65,fimH_AMP5.pdb,adeR_AMP13.JPG,-23.18,-26.17,9.82,0.19,-2.27
66,fimH_AMP6.pdb,adeR_AMP14.JPG,-20.49,-37.12,11.14,-9.3,-1.97
67,fimH_AMP7.pdb,adeR_AMP15.JPG,-26.89,-11.64,11.21,4.15,-4.25
68,fimH_AMP8.pdb,adeR_AMP16.JPG,-14.36,-32.86,6.89,-5.52,-0.34
69,fimH_AMP9.pdb,adeR_AMP17.JPG,-33,-31.1,26.69,-4.29,-2.05
70,fimH_AMP10.pdb,adeR_AMP18.JPG,-28.39,-6.91,9.89,6.84,-3.47
71,fimH_AMP11.pdb,adeR_AMP19.JPG,-23.72,-13.22,5.72,2.82,-5.94
72,fimH_AMP12.pdb,adeR_AMP2.JPG,-30.5,-26.75,29.29,-7.95,-2.77
73,fimH_AMP13.pdb,adeR_AMP20.JPG,-24.3,-29.66,14.21,-5.5,-3.08
74,fimH_AMP14.pdb,adeR_AMP21.JPG,-22.04,-21.33,7.52,-1.12,-3.59
75,fimH_AMP15.pdb,adeR_AMP22.JPG,-23.59,-37.92,13.3,-6.43,-0.78
76,fimH_AMP16.pdb,adeR_AMP23.JPG,-34.39,-47.85,19.87,-6.02,-3.34
77,fimH_AMP17.pdb,adeR_AMP24.JPG,-20.2,-6.88,11,5.61,-2.33
78,fimH_AMP18.pdb,adeR_AMP25.JPG,-23.45,-11.46,11.59,8.54,-2.24
79,fimH_AMP19.pdb,adeR_AMP26.JPG,-2.29,-0.92,0.1,0.82,0.1
80,fimH_AMP20.pdb,adeR_AMP27.JPG,-22.85,-17.7,18.85,-3.07,-0.7
81,fimH_AMP21.pdb,adeR_AMP28.JPG,-34.36,-7.11,13.05,14.38,-1.44
82,fimH_AMP22.pdb,adeR_AMP29.JPG,-32.1,-55.35,22.81,-2.27,-6.02
83,fimH_AMP23.pdb,adeR_AMP3.JPG,-22.51,-53.94,15.78,-15.62,-0.68
84,fimH_AMP24.pdb,adeR_AMP30.JPG,-19.73,-37.79,9.05,-6.25,-0.45
85,fimH_AMP25.pdb,adeR_AMP4.JPG,-34.33,-33.04,24.65,-4.77,-8.24
86,fimH_AMP26.pdb,adeR_AMP5.JPG,-24.14,-33.59,8.64,-1.08,-2.49
87,fimH_AMP27.pdb,adeR_AMP6.JPG,-23.21,6.91,7.04,7.99,-3.11
88,fimH_AMP28.pdb,adeR_AMP7.JPG,-29.98,-28.48,18.94,-3.82,-3.99
89,fimH_AMP29.pdb,adeR_AMP8.JPG,-19.85,-24.26,8.4,3.24,-5.32
90,fimH_AMP30.pdb,adeR_AMP9.JPG,-4.63,-6.13,1.63,-3.14,-0.29
91,LptD_AMP1.pdb,adeS_AMP1.JPG,-6.76,-13.06,4.11,-4.85,0.1
92,LptD_AMP2.pdb,adeS_AMP10.JPG,-30.58,-24.58,14.23,1.1,-3.95
93,LptD_AMP3.pdb,adeS_AMP11.JPG,-33.24,-44.82,22.35,-4.62,-2.64
94,LptD_AMP4.pdb,adeS_AMP12.JPG,-28.89,-23.66,24.28,4.7,-5.4
95,LptD_AMP5.pdb,adeS_AMP13.JPG,-20.98,-6.58,9.82,2.89,0
96,LptD_AMP6.pdb,adeS_AMP14.JPG,-41.74,-13.78,31.52,8.9,-4.96
97,LptD_AMP7.pdb,adeS_AMP15.JPG,-1.24,9.98,0.91,1.12,0.1
98,LptD_AMP8.pdb,adeS_AMP16.JPG,-40.06,-49.64,30.87,-8.36,-2.54
99,LptD_AMP9.pdb,adeS_AMP17.JPG,-0.71,0.89,0.1,-0.94,0.1
100,LptD_AMP10.pdb,adeS_AMP18.JPG,-28.03,-10.36,21.66,13.37,-1.68
101,LptD_AMP11.pdb,adeS_AMP19.JPG,-1.02,-1.13,0.1,-1,0.1
102,LptD_AMP12.pdb,adeS_AMP2.JPG,-0.03,9.9,0.1,0.24,0.1
103,LptD_AMP13.pdb,adeS_AMP20.JPG,-8.11,-17.9,4.87,0.64,-1.69
104,LptD_AMP14.pdb,adeS_AMP21.JPG,-6.37,-3.44,1.48,2.26,-1.25
105,LptD_AMP15.pdb,adeS_AMP22.JPG,-26.33,-9.1,25.08,7.78,-1.2
106,LptD_AMP16.pdb,adeS_AMP23.JPG,-21.67,-14.92,15.07,4.77,-2.17
107,LptD_AMP17.pdb,adeS_AMP24.JPG,-1.16,-10.22,0.1,0.98,-1.16
108,LptD_AMP18.pdb,adeS_AMP25.JPG,-5.08,-8.32,2.42,-4.44,0.1
109,LptD_AMP19.pdb,adeS_AMP26.JPG,-2.7,1.32,0.54,-0.34,0.1
110,LptD_AMP20.pdb,adeS_AMP27.JPG,-2.46,-3.47,0.34,-1.39,0.1
111,LptD_AMP21.pdb,adeS_AMP28.JPG,-47.7,-32.72,21.36,5.65,-6.51
112,LptD_AMP22.pdb,adeS_AMP29.JPG,-14.9,-3.96,1.37,9.44,-0.35
113,LptD_AMP23.pdb,adeS_AMP3.JPG,-42.34,-32.59,39.31,-8.14,-5.39
114,LptD_AMP24.pdb,adeS_AMP30.JPG,-38.08,-55.26,29.71,-13.12,-1.7
115,LptD_AMP25.pdb,adeS_AMP4.JPG,-19.72,-33.33,10.03,-6.44,-1.68
116,LptD_AMP26.pdb,adeS_AMP5.JPG,-8.96,-13.89,1.62,-2.69,-1.85
117,LptD_AMP27.pdb,adeS_AMP6.JPG,-4.17,-9.1,1.26,2.55,-2.6
118,LptD_AMP28.pdb,adeS_AMP7.JPG,-22.76,-39.17,6.59,-0.67,-3.02
119,LptD_AMP29.pdb,adeS_AMP8.JPG,-25.55,-11.2,9.41,9.1,-4.09
120,LptD_AMP30.pdb,adeS_AMP9.JPG,-4.18,-2.74,2.04,0.56,-0.77
121,FBN_AMP1.pdb,ampC_AMP1.JPG,-26.80    ,-41.89  ,14.95     ,-8.91  ,-2.32  
122,FBN_AMP2.pdb,ampC_AMP10.JPG,-27.02    ,-8.05  ,32.81     ,1.83  ,-1.06  
123,FBN_AMP3.pdb,ampC_AMP11.JPG,-38.78    ,-16.40  ,66.42     ,-1.11  ,-3.84  
124,FBN_AMP4.pdb,ampC_AMP12.JPG,-32.96    ,-36.12  ,17.65     ,18.02  ,-6.15  
125,FBN_AMP5.pdb,ampC_AMP13.JPG,-33.64    ,-32.03  ,28.82     ,7.82  ,-2.86 
126,FBN_AMP6.pdb,ampC_AMP14.JPG,-39.96    ,-24.02  ,42.50     ,6.24  ,-8.23  
127,FBN_AMP7.pdb,ampC_AMP15.JPG,-40.25    ,-35.26  ,19.20     ,11.91  ,-2.00  
128,FBN_AMP8.pdb,ampC_AMP16.JPG,-26.81    ,-59.95  ,10.64     ,-9.25  ,-3.73  
129,FBN_AMP9.pdb,ampC_AMP17.JPG,-30.71    ,-14.72  ,31.77     ,8.41  ,-4.59
130,FBN_AMP10.pdb,ampC_AMP18.JPG,-35.11    ,-35.50  ,23.69     ,2.04  ,-8.57  
131,FBN_AMP11.pdb,ampC_AMP19.JPG,-26.82    ,-27.43  ,8.53     ,7.82  ,-4.27 
132,FBN_AMP12.pdb,ampC_AMP2.JPG,-8.16    ,-8.62  ,0.19     ,5.63  ,-1.92  
133,FBN_AMP13.pdb,ampC_AMP20.JPG,-30.20    ,-3.89  ,16.59     ,11.33  ,-3.20  
134,FBN_AMP14.pdb,ampC_AMP21.JPG,-34.14    ,-29.59  ,16.91     ,9.88  ,-3.16  
135,FBN_AMP15.pdb,ampC_AMP22.JPG,-32.00    ,-15.99  ,21.46     ,7.85  ,-0.66  
136,FBN_AMP16.pdb,ampC_AMP23.JPG,-30.12    ,-3.69  ,23.76     ,12.64  ,-3.95 
137,FBN_AMP17.pdb,ampC_AMP24.JPG,-29.41    ,-29.22  ,37.15     ,-8.95  ,-1.19  
138,FBN_AMP18.pdb,ampC_AMP25.JPG,-6.05    ,-4.10  ,0.99     ,0.70  ,-1.43  
139,FBN_AMP19.pdb,ampC_AMP26.JPG,-22.65    ,-15.74  ,7.63     ,8.95  ,-3.03  
140,FBN_AMP20.pdb,ampC_AMP27.JPG,-17.59    ,-19.65  ,8.94     ,-2.97  ,-0.32  
141,FBN_AMP21.pdb,ampC_AMP28.JPG,-26.50    ,-7.46  ,6.07     ,20.69  ,-4.02  
142,FBN_AMP22.pdb,ampC_AMP29.JPG,-27.68    ,-12.28  ,22.26     ,-0.59  ,-0.65  
143,FBN_AMP23.pdb,ampC_AMP3.JPG,-20.76    ,-35.20  ,8.21     ,-2.93  ,-0.60  
144,FBN_AMP24.pdb,ampC_AMP30.JPG,-28.64    ,-46.70  ,10.88     ,-3.75  ,-1.58  
145,FBN_AMP25.pdb,ampC_AMP4.JPG,-29.63    ,-40.76  ,17.20     ,-11.55  ,-4.93  
146,FBN_AMP26.pdb,ampC_AMP5.JPG,-40.63    ,-33.20  ,19.60     ,-1.39  ,-8.69  
147,FBN_AMP27.pdb,ampC_AMP6.JPG,-20.72    ,-28.60  ,4.48     ,10.12  ,-1.63 
148,FBN_AMP28.pdb,ampC_AMP7.JPG,-29.00    ,-16.85  ,23.05     ,8.60  ,-6.61 
149,FBN_AMP29.pdb,ampC_AMP8.JPG,-26.14    ,-35.01  ,12.06     ,2.85  ,-3.68  
150,FBN_AMP30.pdb,ampC_AMP9.JPG,-30.10    ,-23.93  ,13.48     ,3.50  ,-2.59
151,cat-1_AMP1.pdb,baeR_AMP1.JPG,-27.74    ,-24.21  ,7.18     ,5.04  ,-3.14
152,cat-1_AMP2.pdb,baeR_AMP10.JPG,-18.12    ,-7.72  ,5.90     ,3.51  ,-0.53
153,cat-1_AMP3.pdb,baeR_AMP11.JPG,-36.65    ,-37.60  ,64.28     ,-8.78  ,-3.58 
154,cat-1_AMP4.pdb,baeR_AMP12.JPG,-30.80    ,-13.30  ,22.00     ,4.66  ,-4.33
155,cat-1_AMP5.pdb,baeR_AMP13.JPG,-34.78    ,-24.84  ,22.11     ,2.49  ,-4.56
156,cat-1_AMP6.pdb,baeR_AMP14.JPG,-39.02    ,-37.79  ,42.76     ,-4.90  ,-2.40 
157,cat-1_AMP7.pdb,baeR_AMP15.JPG,-17.79    ,6.38  ,10.19     ,5.11  ,-0.73
158,cat-1_AMP8.pdb,baeR_AMP16.JPG,-24.72    ,-48.20  ,11.66     ,-7.94  ,0.1
159,cat-1_AMP9.pdb,baeR_AMP17.JPG,-34.65    ,-10.90  ,21.10     ,3.73  ,-3.79
160,cat-1_AMP10.pdb,baeR_AMP18.JPG,-4.67    ,1.01  ,02.16     ,0.27  ,0.1
161,cat-1_AMP11.pdb,baeR_AMP19.JPG,-26.64    ,-8.03  ,15.43     ,6.83  ,-1.85 
162,cat-1_AMP12.pdb,baeR_AMP2.JPG,-38.28    ,-23.47  ,27.63     ,9.77  ,-6.07
163,cat-1_AMP13.pdb,baeR_AMP20.JPG,-25.16    ,-21.46  ,4.23     ,1.66  ,-1.95 
164,cat-1_AMP14.pdb,baeR_AMP21.JPG,-33.14    ,-34.44  ,7.22     ,9.22  ,-0.55
165,cat-1_AMP15.pdb,baeR_AMP22.JPG,-18.76    ,-11.99  ,9.95     ,5.82  ,-3.09 
166,cat-1_AMP16.pdb,baeR_AMP23.JPG,-33.01    ,-14.15  ,10.52     ,13.94  ,-4.08
167,cat-1_AMP17.pdb,baeR_AMP24.JPG,-27.36    ,-47.85  ,13.55     ,-4.58  ,-1.15
168,cat-1_AMP18.pdb,baeR_AMP25.JPG,-28.83    ,-43.11  ,17.42     ,-10.64  ,-1.12
169,cat-1_AMP19.pdb,baeR_AMP26.JPG,-26.87    ,2.32  ,12.61     ,6.34  ,-3.02  
170,cat-1_AMP20.pdb,baeR_AMP27.JPG,-22.59    ,-17.69  ,11.46     ,11.36  ,-3.76 
171,cat-1_AMP21.pdb,baeR_AMP28.JPG,-3.53    ,-8.50  ,0.1     ,3.98  ,-1.31 
172,cat-1_AMP22.pdb,baeR_AMP29.JPG,-23.60    ,-17.69  ,14.90     ,-5.22  ,-0.57
173,cat-1_AMP23.pdb,baeR_AMP3.JPG,-35.50    ,-32.73  ,68.57     ,-10.57  ,-6.87
174,cat-1_AMP24.pdb,baeR_AMP30.JPG,-30.14    ,-50.88  ,12.32     ,-6.80  ,-2.20 
175,cat-1_AMP25.pdb,baeR_AMP4.JPG,-19.24    ,-18.91  ,3.09     ,4.29  ,-4.63
176,cat-1_AMP26.pdb,baeR_AMP5.JPG,-26.83    ,21.78  ,11.08     ,0.15  ,-3.18
177,cat-1_AMP27.pdb,baeR_AMP6.JPG,-38.29    ,-0.43  ,31.65     ,13.84  ,-6.1
178,cat-1_AMP28.pdb,baeR_AMP7.JPG,-23.64    ,-13.03  ,11.66     ,2.97  ,-1.90 
179,cat-1_AMP29.pdb,baeR_AMP8.JPG,-3.88    ,-4.58  ,0.07     ,2.36  ,-0.57
180,cat-1_AMP30.pdb,baeR_AMP9.JPG,-24.10    ,-12.80  ,7.01     ,16.87  ,-6.16  
181,oprD_AMP1.pdb,baeS_AMP1.JPG,-26.55,-12.32,17.41,8.85,-1.39
182,oprD_AMP2.pdb,baeS_AMP10.JPG,-2.72,-6.1,0.1,-2.04,0.1
183,oprD_AMP3.pdb,baeS_AMP11.JPG,-5.86,-11.98,4.11,-4.96,0.1
184,oprD_AMP4.pdb,baeS_AMP12.JPG,-2.12,0.24,0.1,2.3,0.1
185,oprD_AMP5.pdb,baeS_AMP13.JPG,-28.56,-16.8,5.78,10.45,-1.51
186,oprD_AMP6.pdb,baeS_AMP14.JPG,-35.32,-0.71,49.51,1.62,-1.24
187,oprD_AMP7.pdb,baeS_AMP15.JPG,-0.34,1.97,0.1,0.13,0.1
188,oprD_AMP8.pdb,baeS_AMP16.JPG,-25.41,-36.15,16.05,-8.78,-0.75
189,oprD_AMP9.pdb,baeS_AMP17.JPG,-35.91,-17.89,13.32,19.24,-10.03
190,oprD_AMP10.pdb,baeS_AMP18.JPG,-36.75,-9.97,37.52,14.8,-6.68
191,oprD_AMP11.pdb,baeS_AMP19.JPG,-2.1,8.79,1.07,1.14,0
192,oprD_AMP12.pdb,baeS_AMP2.JPG,-34.1,-0.78,21.28,19.84,-3.67
193,oprD_AMP13.pdb,baeS_AMP20.JPG,-34.76,0.91,15.31,7.48,-4.55
194,oprD_AMP14.pdb,baeS_AMP21.JPG,-8.28,-1.25,5.07,2.83,-0.9
195,oprD_AMP15.pdb,baeS_AMP22.JPG,-27.55,-43.8,7.03,3.97,-1.49
196,oprD_AMP16.pdb,baeS_AMP23.JPG,-0.98,6.3,0.1,1.44,-0.67
197,oprD_AMP17.pdb,baeS_AMP24.JPG,-2.24,0.87,0.1,2.58,-1.83
198,oprD_AMP18.pdb,baeS_AMP25.JPG,-22.2,-10.06,8.61,2.07,-0.42
199,oprD_AMP19.pdb,baeS_AMP26.JPG,-0.48,-0.83,0.1,-0.57,0.1
200,oprD_AMP20.pdb,baeS_AMP27.JPG,-0.98,1.68,0.1,0.07,0.1
201,oprD_AMP21.pdb,baeS_AMP28.JPG,-4.27,-2.29,1.69,-0.05,0.1
202,oprD_AMP22.pdb,baeS_AMP29.JPG,-23.53,-15.05,12.58,2.32,-1.45
203,oprD_AMP23.pdb,baeS_AMP3.JPG,-25.38,-33.68,11.15,-4.18,-3.83
204,oprD_AMP24.pdb,baeS_AMP30.JPG,-28.8,-32.67,13.86,1.38,-0.22
205,oprD_AMP25.pdb,baeS_AMP4.JPG,-42.93,-4.02,17.59,19.84,-3.84
206,oprD_AMP26.pdb,baeS_AMP5.JPG,-39.53,-20.52,15.18,17.65,-6.96
207,oprD_AMP27.pdb,baeS_AMP6.JPG,-20.28,-1.7,9.81,9.63,-3.78
208,oprD_AMP28.pdb,baeS_AMP7.JPG,0.1,2.71,0.1,0.04,0.1
209,oprD_AMP29.pdb,baeS_AMP8.JPG,0.1,3.99,0.1,0.1,0.1
210,oprD_AMP30.pdb,baeS_AMP9.JPG,-22.58,-21.6,11.31,5.12,-2.96
211,OXA_51_like_AMP1.pdb,bfmR_AMP1.JPG,-21.35,-31.11,7.97,-4.36,-2.69
212,OXA_51_like_AMP2.pdb,bfmR_AMP10.JPG,-30.83,-46.27,8.13,2.61,-1.22
213,OXA_51_like_AMP3.pdb,bfmR_AMP11.JPG,-22.05,-62.2,9.37,-8.28,-1.33
214,OXA_51_like_AMP4.pdb,bfmR_AMP12.JPG,-30.87,-17.59,3.34,12.92,-3.2
215,OXA_51_like_AMP5.pdb,bfmR_AMP13.JPG,-31.15,-35.98,8.29,-4.77,-2.49
216,OXA_51_like_AMP6.pdb,bfmR_AMP14.JPG,-27,-36.46,8.69,-3.27,-1.5
217,OXA_51_like_AMP7.pdb,bfmR_AMP15.JPG,-17.01,-29.11,14.88,-2.899,-0.31
218,OXA_51_like_AMP8.pdb,bfmR_AMP16.JPG,-23.2,-71.97,18.41,-14.49,-3.5
219,OXA_51_like_AMP9.pdb,bfmR_AMP17.JPG,-28.94,-23.68,12.98,7.2,-0.83
220,OXA_51_like_AMP10.pdb,bfmR_AMP18.JPG,-34.27,-40.94,28.53,-0.58,-1.95
221,OXA_51_like_AMP11.pdb,bfmR_AMP19.JPG,-34.76,-41.06,7.81,8.33,-1.53
222,OXA_51_like_AMP12.pdb,bfmR_AMP2.JPG,-24.74,-11.02,11.03,13,-3.12
223,OXA_51_like_AMP13.pdb,bfmR_AMP20.JPG,-39.05,-42.35,22.35,-2.49,-0.28
224,OXA_51_like_AMP14.pdb,bfmR_AMP21.JPG,-18.55,-49.33,8.61,-9.07,0
225,OXA_51_like_AMP15.pdb,bfmR_AMP22.JPG,-21.33,-45.12,9.67,-5.06,-3.75
226,OXA_51_like_AMP16.pdb,bfmR_AMP23.JPG,-32.35,-50.82,6.7,11.36,-2.29
227,OXA_51_like_AMP17.pdb,bfmR_AMP24.JPG,-28.89,-3.56,23.02,7.02,-0.58
228,OXA_51_like_AMP18.pdb,bfmR_AMP25.JPG,-21.14,-21.82,4.07,-1.47,-0.91
229,OXA_51_like_AMP19.pdb,bfmR_AMP26.JPG,-21.48,-18.76,8.48,7.26,-1.34
230,OXA_51_like_AMP20.pdb,bfmR_AMP27.JPG,-19.76,26.94,-4.91,8.32,-3.38
231,OXA_51_like_AMP21.pdb,bfmR_AMP28.JPG,-31.74,-20.71,10.68,4.11,-0.86
232,OXA_51_like_AMP22.pdb,bfmR_AMP29.JPG,-15.63,-6.54,1.84,12.37,-3.71
233,OXA_51_like_AMP23.pdb,bfmR_AMP3.JPG,-21.5,-52.18,19.39,-11,-1.62
234,OXA_51_like_AMP24.pdb,bfmR_AMP30.JPG,-31.7,-50.01,9.03,-3.1,-5.56
235,OXA_51_like_AMP25.pdb,bfmR_AMP4.JPG,-37.07,-27.24,30.06,-1.71,-4.16
236,OXA_51_like_AMP26.pdb,bfmR_AMP5.JPG,-30.47,-44.09,28.86,-6.42,-5.14
237,OXA_51_like_AMP27.pdb,bfmR_AMP6.JPG,-32.72,-26.66,15.81,7.41,-4.3
238,OXA_51_like_AMP28.pdb,bfmR_AMP7.JPG,-33.15,-41.85,32.44,-6,-3.5
239,OXA_51_like_AMP29.pdb,bfmR_AMP8.JPG,-29.34,-0.25,23.4,13.71,-5.52
240,OXA_51_like_AMP30.pdb,bfmR_AMP9.JPG,-25.34,-58.17,5.81,-7.53,-2.35
241,adeA_AMP1.pdb,cat1_AMP1.JPG,-31.57,-27.88,22.5,-2.18,-2.8
242,adeA_AMP2.pdb,cat1_AMP10.JPG,-21.95,-19.67,10.73,4.64,-0.88
243,adeA_AMP3.pdb,cat1_AMP11.JPG,-29.9,-43.9,30.28,-8.07,-3.56
244,adeA_AMP4.pdb,cat1_AMP12.JPG,-24.33,-1.01,16.72,16.72,-3.41
245,adeA_AMP5.pdb,cat1_AMP13.JPG,-22.37,-32.24,4.9,0.43,-3.03
246,adeA_AMP6.pdb,cat1_AMP14.JPG,-28.38,-29.52,13.31,2.74,0.1
247,adeA_AMP7.pdb,cat1_AMP15.JPG,-8.85,-5.91,0.38,1.88,0.1
248,adeA_AMP8.pdb,cat1_AMP16.JPG,-21.37,-43.95,13.17,-11.78,-0.96
249,adeA_AMP9.pdb,cat1_AMP17.JPG,-24.39,-26.3,10.76,3.91,7.74
250,adeA_AMP10.pdb,cat1_AMP18.JPG,-1.82,4.16,0.1,0.74,0.1
251,adeA_AMP11.pdb,cat1_AMP19.JPG,-27.81,-38.75,10.8,-1.79,-3.32
252,adeA_AMP12.pdb,cat1_AMP2.JPG,-24.21,-23.13,11.43,3.04,-2.74
253,adeA_AMP13.pdb,cat1_AMP20.JPG,-9.52,-15.96,1.88,-0.84,-1.35
254,adeA_AMP14.pdb,cat1_AMP21.JPG,-6.79,-1.01,0.92,0.7,-0.37
255,adeA_AMP15.pdb,cat1_AMP22.JPG,-20.7,-8,12.7,10.63,-0.37
256,adeA_AMP16.pdb,cat1_AMP23.JPG,,,,,
257,adeA_AMP17.pdb,cat1_AMP24.JPG,,,,,
258,adeA_AMP18.pdb,cat1_AMP25.JPG,,,,,
259,adeA_AMP19.pdb,cat1_AMP26.JPG,,,,,
260,adeA_AMP20.pdb,cat1_AMP27.JPG,,,,,
261,adeA_AMP21.pdb,cat1_AMP28.JPG,,,,,
262,adeA_AMP22.pdb,cat1_AMP29.JPG,,,,,
263,adeA_AMP23.pdb,cat1_AMP3.JPG,,,,,
264,adeA_AMP24.pdb,cat1_AMP30.JPG,,,,,
265,adeA_AMP25.pdb,cat1_AMP4.JPG,,,,,
266,adeA_AMP26.pdb,cat1_AMP5.JPG,,,,,
267,adeA_AMP27.pdb,cat1_AMP6.JPG,,,,,
268,adeA_AMP28.pdb,cat1_AMP7.JPG,,,,,
269,adeA_AMP29.pdb,cat1_AMP8.JPG,,,,,
270,adeA_AMP30.pdb,cat1_AMP9.JPG,,,,,
271,adeC_AMP1.pdb,cm1A_AMP1.JPG,,,,,
272,adeC_AMP2.pdb,cm1A_AMP10.JPG,,,,,
273,adeC_AMP3.pdb,cm1A_AMP11.JPG,,,,,
274,adeC_AMP4.pdb,cm1A_AMP12.JPG,,,,,
275,adeC_AMP5.pdb,cm1A_AMP13.JPG,,,,,
276,adeC_AMP6.pdb,cm1A_AMP14.JPG,,,,,
277,adeC_AMP7.pdb,cm1A_AMP15.JPG,,,,,
278,adeC_AMP8.pdb,cm1A_AMP16.JPG,,,,,
279,adeC_AMP9.pdb,cm1A_AMP17.JPG,,,,,
280,adeC_AMP10.pdb,cm1A_AMP18.JPG,,,,,
281,adeC_AMP11.pdb,cm1A_AMP19.JPG,,,,,
282,adeC_AMP12.pdb,cm1A_AMP2.JPG,,,,,
283,adeC_AMP13.pdb,cm1A_AMP20.JPG,,,,,
284,adeC_AMP14.pdb,cm1A_AMP21.JPG,,,,,
285,adeC_AMP15.pdb,cm1A_AMP22.JPG,,,,,
286,adeC_AMP16.pdb,cm1A_AMP23.JPG,,,,,
287,adeC_AMP17.pdb,cm1A_AMP24.JPG,,,,,
288,adeC_AMP18.pdb,cm1A_AMP25.JPG,,,,,
289,adeC_AMP19.pdb,cm1A_AMP26.JPG,,,,,
290,adeC_AMP20.pdb,cm1A_AMP27.JPG,,,,,
291,adeC_AMP21.pdb,cm1A_AMP28.JPG,,,,,
292,adeC_AMP22.pdb,cm1A_AMP29.JPG,,,,,
293,adeC_AMP23.pdb,cm1A_AMP3.JPG,,,,,
294,adeC_AMP24.pdb,cm1A_AMP30.JPG,,,,,
295,adeC_AMP25.pdb,cm1A_AMP4.JPG,,,,,
296,adeC_AMP26.pdb,cm1A_AMP5.JPG,,,,,
297,adeC_AMP27.pdb,cm1A_AMP6.JPG,,,,,
298,adeC_AMP28.pdb,cm1A_AMP7.JPG,,,,,
299,adeC_AMP29.pdb,cm1A_AMP8.JPG,,,,,
300,adeC_AMP30.pdb,cm1A_AMP9.JPG,,,,,
301,adeR_AMP1.pdb,FBN_AMP1.JPG,,,,,
302,adeR_AMP2.pdb,FBN_AMP10.JPG,,,,,
303,adeR_AMP3.pdb,FBN_AMP11.JPG,,,,,
304,adeR_AMP4.pdb,FBN_AMP12.JPG,,,,,
305,adeR_AMP5.pdb,FBN_AMP13.JPG,,,,,
306,adeR_AMP6.pdb,FBN_AMP14.JPG,,,,,
307,adeR_AMP7.pdb,FBN_AMP15.JPG,,,,,
308,adeR_AMP8.pdb,FBN_AMP16.JPG,,,,,
309,adeR_AMP9.pdb,FBN_AMP17.JPG,,,,,
310,adeR_AMP10.pdb,FBN_AMP18.JPG,,,,,
311,adeR_AMP11.pdb,FBN_AMP19.JPG,,,,,
312,adeR_AMP12.pdb,FBN_AMP2.JPG,,,,,
313,adeR_AMP13.pdb,FBN_AMP20.JPG,,,,,
314,adeR_AMP14.pdb,FBN_AMP21.JPG,,,,,
315,adeR_AMP15.pdb,FBN_AMP22.JPG,,,,,
316,adeR_AMP16.pdb,FBN_AMP23.JPG,,,,,
317,adeR_AMP17.pdb,FBN_AMP24.JPG,,,,,
318,adeR_AMP18.pdb,FBN_AMP25.JPG,,,,,
319,adeR_AMP19.pdb,FBN_AMP26.JPG,,,,,
320,adeR_AMP20.pdb,FBN_AMP27.JPG,,,,,
321,adeR_AMP21.pdb,FBN_AMP28.JPG,,,,,
322,adeR_AMP22.pdb,FBN_AMP29.JPG,,,,,
323,adeR_AMP23.pdb,FBN_AMP3.JPG,,,,,
324,adeR_AMP24.pdb,FBN_AMP30.JPG,,,,,
325,adeR_AMP25.pdb,FBN_AMP4.JPG,,,,,
326,adeR_AMP26.pdb,FBN_AMP5.JPG,,,,,
327,adeR_AMP27.pdb,FBN_AMP6.JPG,,,,,
328,adeR_AMP28.pdb,FBN_AMP7.JPG,,,,,
329,adeR_AMP29.pdb,FBN_AMP8.JPG,,,,,
330,adeR_AMP30.pdb,FBN_AMP9.JPG,,,,,
331,adeS_AMP1.pdb,fic_AMP1.JPG,,,,,
332,adeS_AMP2.pdb,fic_AMP10.JPG,,,,,
333,adeS_AMP3.pdb,fic_AMP11.JPG,,,,,
334,adeS_AMP4.pdb,fic_AMP12.JPG,,,,,
335,adeS_AMP5.pdb,fic_AMP13.JPG,,,,,
336,adeS_AMP6.pdb,fic_AMP14.JPG,,,,,
337,adeS_AMP7.pdb,fic_AMP15.JPG,,,,,
338,adeS_AMP8.pdb,fic_AMP16.JPG,,,,,
339,adeS_AMP9.pdb,fic_AMP17.JPG,,,,,
340,adeS_AMP10.pdb,fic_AMP18.JPG,,,,,
341,adeS_AMP11.pdb,fic_AMP19.JPG,,,,,
342,adeS_AMP12.pdb,fic_AMP2.JPG,,,,,
343,adeS_AMP13.pdb,fic_AMP20.JPG,,,,,
344,adeS_AMP14.pdb,fic_AMP21.JPG,,,,,
345,adeS_AMP15.pdb,fic_AMP22.JPG,,,,,
346,adeS_AMP16.pdb,fic_AMP23.JPG,,,,,
347,adeS_AMP17.pdb,fic_AMP24.JPG,,,,,
348,adeS_AMP18.pdb,fic_AMP25.JPG,,,,,
349,adeS_AMP19.pdb,fic_AMP26.JPG,,,,,
350,adeS_AMP20.pdb,fic_AMP27.JPG,,,,,
351,adeS_AMP21.pdb,fic_AMP28.JPG,,,,,
352,adeS_AMP22.pdb,fic_AMP29.JPG,,,,,
353,adeS_AMP23.pdb,fic_AMP3.JPG,,,,,
354,adeS_AMP24.pdb,fic_AMP30.JPG,,,,,
355,adeS_AMP25.pdb,fic_AMP4.JPG,,,,,
356,adeS_AMP26.pdb,fic_AMP5.JPG,,,,,
357,adeS_AMP27.pdb,fic_AMP6.JPG,,,,,
358,adeS_AMP28.pdb,fic_AMP7.JPG,,,,,
359,adeS_AMP29.pdb,fic_AMP8.JPG,,,,,
360,adeS_AMP30.pdb,fic_AMP9.JPG,,,,,
361,ampC_AMP1.pdb,fimH_AMP1.JPG,,,,,
362,ampC_AMP2.pdb,fimH_AMP10.JPG,,,,,
363,ampC_AMP3.pdb,fimH_AMP11.JPG,,,,,
364,ampC_AMP4.pdb,fimH_AMP12.JPG,,,,,
365,ampC_AMP5.pdb,fimH_AMP13.JPG,,,,,
366,ampC_AMP6.pdb,fimH_AMP14.JPG,,,,,
367,ampC_AMP7.pdb,fimH_AMP15.JPG,,,,,
368,ampC_AMP8.pdb,fimH_AMP16.JPG,,,,,
369,ampC_AMP9.pdb,fimH_AMP17.JPG,,,,,
370,ampC_AMP10.pdb,fimH_AMP18.JPG,,,,,
371,ampC_AMP11.pdb,fimH_AMP19.JPG,,,,,
372,ampC_AMP12.pdb,fimH_AMP2.JPG,,,,,
373,ampC_AMP13.pdb,fimH_AMP20.JPG,,,,,
374,ampC_AMP14.pdb,fimH_AMP21.JPG,,,,,
375,ampC_AMP15.pdb,fimH_AMP22.JPG,,,,,
376,ampC_AMP16.pdb,fimH_AMP23.JPG,,,,,
377,ampC_AMP17.pdb,fimH_AMP24.JPG,,,,,
378,ampC_AMP18.pdb,fimH_AMP25.JPG,,,,,
379,ampC_AMP19.pdb,fimH_AMP26.JPG,,,,,
380,ampC_AMP20.pdb,fimH_AMP27.JPG,,,,,
381,ampC_AMP21.pdb,fimH_AMP28.JPG,,,,,
382,ampC_AMP22.pdb,fimH_AMP29.JPG,,,,,
383,ampC_AMP23.pdb,fimH_AMP3.JPG,,,,,
384,ampC_AMP24.pdb,fimH_AMP30.JPG,,,,,
385,ampC_AMP25.pdb,fimH_AMP4.JPG,,,,,
386,ampC_AMP26.pdb,fimH_AMP5.JPG,,,,,
387,ampC_AMP27.pdb,fimH_AMP6.JPG,,,,,
388,ampC_AMP28.pdb,fimH_AMP7.JPG,,,,,
389,ampC_AMP29.pdb,fimH_AMP8.JPG,,,,,
390,ampC_AMP30.pdb,fimH_AMP9.JPG,,,,,
391,baeR_AMP1.pdb,LptD_AMP1.JPG,,,,,
392,baeR_AMP2.pdb,LptD_AMP10.JPG,,,,,
393,baeR_AMP3.pdb,LptD_AMP11.JPG,,,,,
394,baeR_AMP4.pdb,LptD_AMP12.JPG,,,,,
395,baeR_AMP5.pdb,LptD_AMP13.JPG,,,,,
396,baeR_AMP6.pdb,LptD_AMP14.JPG,,,,,
397,baeR_AMP7.pdb,LptD_AMP15.JPG,,,,,
398,baeR_AMP8.pdb,LptD_AMP16.JPG,,,,,
399,baeR_AMP9.pdb,LptD_AMP17.JPG,,,,,
400,baeR_AMP10.pdb,LptD_AMP18.JPG,,,,,
401,baeR_AMP11.pdb,LptD_AMP19.JPG,,,,,
402,baeR_AMP12.pdb,LptD_AMP2.JPG,,,,,
403,baeR_AMP13.pdb,LptD_AMP20.JPG,,,,,
404,baeR_AMP14.pdb,LptD_AMP21.JPG,,,,,
405,baeR_AMP15.pdb,LptD_AMP22.JPG,,,,,
406,baeR_AMP16.pdb,LptD_AMP23.JPG,,,,,
407,baeR_AMP17.pdb,LptD_AMP24.JPG,,,,,
408,baeR_AMP18.pdb,LptD_AMP25.JPG,,,,,
409,baeR_AMP19.pdb,LptD_AMP26.JPG,,,,,
410,baeR_AMP20.pdb,LptD_AMP27.JPG,,,,,
411,baeR_AMP21.pdb,LptD_AMP28.JPG,,,,,
412,baeR_AMP22.pdb,LptD_AMP29.JPG,,,,,
413,baeR_AMP23.pdb,LptD_AMP3.JPG,,,,,
414,baeR_AMP24.pdb,LptD_AMP30.JPG,,,,,
415,baeR_AMP25.pdb,LptD_AMP4.JPG,,,,,
416,baeR_AMP26.pdb,LptD_AMP5.JPG,,,,,
417,baeR_AMP27.pdb,LptD_AMP6.JPG,,,,,
418,baeR_AMP28.pdb,LptD_AMP7.JPG,,,,,
419,baeR_AMP29.pdb,LptD_AMP8.JPG,,,,,
420,baeR_AMP30.pdb,LptD_AMP9.JPG,,,,,
421,baeS_AMP1.pdb,omp33-36_AMP1.JPG,,,,,
422,baeS_AMP2.pdb,omp33-36_AMP10.JPG,,,,,
423,baeS_AMP3.pdb,omp33-36_AMP11.JPG,,,,,
424,baeS_AMP4.pdb,omp33-36_AMP12.JPG,,,,,
425,baeS_AMP5.pdb,omp33-36_AMP13.JPG,,,,,
426,baeS_AMP6.pdb,omp33-36_AMP14.JPG,,,,,
427,baeS_AMP7.pdb,omp33-36_AMP15.JPG,,,,,
428,baeS_AMP8.pdb,omp33-36_AMP16.JPG,,,,,
429,baeS_AMP9.pdb,omp33-36_AMP17.JPG,,,,,
430,baeS_AMP10.pdb,omp33-36_AMP18.JPG,,,,,
431,baeS_AMP11.pdb,omp33-36_AMP19.JPG,,,,,
432,baeS_AMP12.pdb,omp33-36_AMP2.JPG,,,,,
433,baeS_AMP13.pdb,omp33-36_AMP20.JPG,,,,,
434,baeS_AMP14.pdb,omp33-36_AMP21.JPG,,,,,
435,baeS_AMP15.pdb,omp33-36_AMP22.JPG,,,,,
436,baeS_AMP16.pdb,omp33-36_AMP23.JPG,,,,,
437,baeS_AMP17.pdb,omp33-36_AMP24.JPG,,,,,
438,baeS_AMP18.pdb,omp33-36_AMP25.JPG,,,,,
439,baeS_AMP19.pdb,omp33-36_AMP26.JPG,,,,,
440,baeS_AMP20.pdb,omp33-36_AMP27.JPG,,,,,
441,baeS_AMP21.pdb,omp33-36_AMP28.JPG,,,,,
442,baeS_AMP22.pdb,omp33-36_AMP29.JPG,,,,,
443,baeS_AMP23.pdb,omp33-36_AMP3.JPG,,,,,
444,baeS_AMP24.pdb,omp33-36_AMP30.JPG,,,,,
445,baeS_AMP25.pdb,omp33-36_AMP4.JPG,,,,,
446,baeS_AMP26.pdb,omp33-36_AMP5.JPG,,,,,
447,baeS_AMP27.pdb,omp33-36_AMP6.JPG,,,,,
448,baeS_AMP28.pdb,omp33-36_AMP7.JPG,,,,,
449,baeS_AMP29.pdb,omp33-36_AMP8.JPG,,,,,
450,baeS_AMP30.pdb,omp33-36_AMP9.JPG,,,,,
451,bfmR_AMP1.pdb,ompw_AMP1.jpg,,,,,
452,bfmR_AMP2.pdb,ompw_AMP10.jpg,,,,,
453,bfmR_AMP3.pdb,ompw_AMP11.jpg,,,,,
454,bfmR_AMP4.pdb,ompw_AMP12.jpg,,,,,
455,bfmR_AMP5.pdb,ompw_AMP13.jpg,,,,,
456,bfmR_AMP6.pdb,ompw_AMP14.jpg,,,,,
457,bfmR_AMP7.pdb,ompw_AMP15.jpg,,,,,
458,bfmR_AMP8.pdb,ompw_AMP16.jpg,,,,,
459,bfmR_AMP9.pdb,ompw_AMP17.jpg,,,,,
460,bfmR_AMP10.pdb,ompw_AMP18.jpg,,,,,
461,bfmR_AMP11.pdb,ompw_AMP19.jpg,,,,,
462,bfmR_AMP12.pdb,ompw_AMP2.jpg,,,,,
463,bfmR_AMP13.pdb,ompw_AMP20.jpg,,,,,
464,bfmR_AMP14.pdb,ompw_AMP21.jpg,,,,,
465,bfmR_AMP15.pdb,ompw_AMP22.jpg,,,,,
466,bfmR_AMP16.pdb,ompw_AMP23.jpg,,,,,
467,bfmR_AMP17.pdb,ompw_AMP24.jpg,,,,,
468,bfmR_AMP18.pdb,ompw_AMP25.jpg,,,,,
469,bfmR_AMP19.pdb,ompw_AMP26.jpg,,,,,
470,bfmR_AMP20.pdb,ompw_AMP27.jpg,,,,,
471,bfmR_AMP21.pdb,ompw_AMP28.jpg,,,,,
472,bfmR_AMP22.pdb,ompw_AMP29.jpg,,,,,
473,bfmR_AMP23.pdb,ompw_AMP3.png,,,,,
474,bfmR_AMP24.pdb,ompw_AMP30.jpg,,,,,
475,bfmR_AMP25.pdb,ompw_AMP4.jpg,,,,,
476,bfmR_AMP26.pdb,ompw_AMP5.jpg,,,,,
477,bfmR_AMP27.pdb,ompw_AMP6.jpg,,,,,
478,bfmR_AMP28.pdb,ompw_AMP7.jpg,,,,,
479,bfmR_AMP29.pdb,ompw_AMP8.jpg,,,,,
480,bfmR_AMP30.pdb,ompw_AMP9.jpg,,,,,
481,fic_AMP1.pdb,oprD_AMP1.JPG,,,,,
482,fic_AMP2.pdb,oprD_AMP10.JPG,,,,,
483,fic_AMP3.pdb,oprD_AMP11.JPG,,,,,
484,fic_AMP4.pdb,oprD_AMP12.JPG,,,,,
485,fic_AMP5.pdb,oprD_AMP13.JPG,,,,,
486,fic_AMP6.pdb,oprD_AMP14.JPG,,,,,
487,fic_AMP7.pdb,oprD_AMP15.JPG,,,,,
488,fic_AMP8.pdb,oprD_AMP16.JPG,,,,,
489,fic_AMP9.pdb,oprD_AMP17.JPG,,,,,
490,fic_AMP10.pdb,oprD_AMP18.JPG,,,,,
491,fic_AMP11.pdb,oprD_AMP19.JPG,,,,,
492,fic_AMP12.pdb,oprD_AMP2.JPG,,,,,
493,fic_AMP13.pdb,oprD_AMP20.JPG,,,,,
494,fic_AMP14.pdb,oprD_AMP21.JPG,,,,,
495,fic_AMP15.pdb,oprD_AMP22.JPG,,,,,
496,fic_AMP16.pdb,oprD_AMP23.JPG,,,,,
497,fic_AMP17.pdb,oprD_AMP24.JPG,,,,,
498,fic_AMP18.pdb,oprD_AMP25.JPG,,,,,
499,fic_AMP19.pdb,oprD_AMP26.JPG,,,,,
500,fic_AMP20.pdb,oprD_AMP27.JPG,,,,,
501,fic_AMP21.pdb,oprD_AMP28.JPG,,,,,
502,fic_AMP22.pdb,oprD_AMP29.JPG,,,,,
503,fic_AMP23.pdb,oprD_AMP3.JPG,,,,,
504,fic_AMP24.pdb,oprD_AMP30.JPG,,,,,
505,fic_AMP25.pdb,oprD_AMP4.JPG,,,,,
506,fic_AMP26.pdb,oprD_AMP5.JPG,,,,,
507,fic_AMP27.pdb,oprD_AMP6.JPG,,,,,
508,fic_AMP28.pdb,oprD_AMP7.JPG,,,,,
509,fic_AMP29.pdb,oprD_AMP8.JPG,,,,,
510,fic_AMP30.pdb,oprD_AMP9.JPG,,,,,
511,cm1A_AMP1.pdb,oxa51_like_AMP1.JPG,,,,,
512,cm1A_AMP2.pdb,oxa51_like_AMP10.JPG,,,,,
513,cm1A_AMP3.pdb,oxa51_like_AMP11.JPG,,,,,
514,cm1A_AMP4.pdb,oxa51_like_AMP12.JPG,,,,,
515,cm1A_AMP5.pdb,oxa51_like_AMP13.JPG,,,,,
516,cm1A_AMP6.pdb,oxa51_like_AMP14.JPG,,,,,
517,cm1A_AMP7.pdb,oxa51_like_AMP15.JPG,,,,,
518,cm1A_AMP8.pdb,oxa51_like_AMP16.JPG,,,,,
519,cm1A_AMP9.pdb,oxa51_like_AMP17.JPG,,,,,
520,cm1A_AMP10.pdb,oxa51_like_AMP18.JPG,,,,,
521,cm1A_AMP11.pdb,oxa51_like_AMP19.JPG,,,,,
522,cm1A_AMP12.pdb,oxa51_like_AMP2.JPG,,,,,
523,cm1A_AMP13.pdb,oxa51_like_AMP20.JPG,,,,,
524,cm1A_AMP14.pdb,oxa51_like_AMP21.JPG,,,,,
525,cm1A_AMP15.pdb,oxa51_like_AMP22.JPG,,,,,
526,cm1A_AMP16.pdb,oxa51_like_AMP23.JPG,,,,,
527,cm1A_AMP17.pdb,oxa51_like_AMP24.JPG,,,,,
528,cm1A_AMP18.pdb,oxa51_like_AMP25.JPG,,,,,
529,cm1A_AMP19.pdb,oxa51_like_AMP26.JPG,,,,,
530,cm1A_AMP20.pdb,oxa51_like_AMP27.JPG,,,,,
531,cm1A_AMP21.pdb,oxa51_like_AMP28.JPG,,,,,
532,cm1A_AMP22.pdb,oxa51_like_AMP29.JPG,,,,,
533,cm1A_AMP23.pdb,oxa51_like_AMP3.JPG,,,,,
534,cm1A_AMP24.pdb,oxa51_like_AMP30.JPG,,,,,
535,cm1A_AMP25.pdb,oxa51_like_AMP4.JPG,,,,,
536,cm1A_AMP26.pdb,oxa51_like_AMP5.JPG,,,,,
537,cm1A_AMP27.pdb,oxa51_like_AMP6.JPG,,,,,
538,cm1A_AMP28.pdb,oxa51_like_AMP7.JPG,,,,,
539,cm1A_AMP29.pdb,oxa51_like_AMP8.JPG,,,,,
540,cm1A_AMP30.pdb,oxa51_like_AMP9.JPG,,,,,
541,strA_AMP1.pdb,strA_AMP1.JPG,,,,,
542,strA_AMP2.pdb,strA_AMP10.JPG,,,,,
543,strA_AMP3.pdb,strA_AMP11.JPG,,,,,
544,strA_AMP4.pdb,strA_AMP12.JPG,,,,,
545,strA_AMP5.pdb,strA_AMP13.JPG,,,,,
546,strA_AMP6.pdb,strA_AMP14.JPG,,,,,
547,strA_AMP7.pdb,strA_AMP15.JPG,,,,,
548,strA_AMP8.pdb,strA_AMP16.JPG,,,,,
549,strA_AMP9.pdb,strA_AMP17.JPG,,,,,
550,strA_AMP10.pdb,strA_AMP18.JPG,,,,,
551,strA_AMP11.pdb,strA_AMP19.JPG,,,,,
552,strA_AMP12.pdb,strA_AMP2.JPG,,,,,
553,strA_AMP13.pdb,strA_AMP20.JPG,,,,,
554,strA_AMP14.pdb,strA_AMP21.JPG,,,,,
555,strA_AMP15.pdb,strA_AMP22.JPG,,,,,
556,strA_AMP16.pdb,strA_AMP23.JPG,,,,,
557,strA_AMP17.pdb,strA_AMP24.JPG,,,,,
558,strA_AMP18.pdb,strA_AMP25.JPG,,,,,
559,strA_AMP19.pdb,strA_AMP26.JPG,,,,,
560,strA_AMP20.pdb,strA_AMP27.JPG,,,,,
561,strA_AMP21.pdb,strA_AMP28.JPG,,,,,
562,strA_AMP22.pdb,strA_AMP29.JPG,,,,,
563,strA_AMP23.pdb,strA_AMP3.JPG,,,,,
564,strA_AMP24.pdb,strA_AMP30.JPG,,,,,
565,strA_AMP25.pdb,strA_AMP4.JPG,,,,,
566,strA_AMP26.pdb,strA_AMP5.JPG,,,,,
567,strA_AMP27.pdb,strA_AMP6.JPG,,,,,
568,strA_AMP28.pdb,strA_AMP7.JPG,,,,,
569,strA_AMP29.pdb,strA_AMP8.JPG,,,,,
570,strA_AMP30.pdb,strA_AMP9.JPG,,,,,
571,sul1_AMP1.pdb,sul1_AMP1.JPG,,,,,
572,sul1_AMP2.pdb,sul1_AMP10.JPG,,,,,
573,sul1_AMP3.pdb,sul1_AMP11.JPG,,,,,
574,sul1_AMP4.pdb,sul1_AMP12.JPG,,,,,
575,sul1_AMP5.pdb,sul1_AMP13.JPG,,,,,
576,sul1_AMP6.pdb,sul1_AMP14.JPG,,,,,
577,sul1_AMP7.pdb,sul1_AMP15.JPG,,,,,
578,sul1_AMP8.pdb,sul1_AMP16.JPG,,,,,
579,sul1_AMP9.pdb,sul1_AMP17.JPG,,,,,
580,sul1_AMP10.pdb,sul1_AMP18.JPG,,,,,
581,sul1_AMP11.pdb,sul1_AMP19.JPG,,,,,
582,sul1_AMP12.pdb,sul1_AMP2.JPG,,,,,
583,sul1_AMP13.pdb,sul1_AMP20.JPG,,,,,
584,sul1_AMP14.pdb,sul1_AMP21.JPG,,,,,
585,sul1_AMP15.pdb,sul1_AMP22.JPG,,,,,
586,sul1_AMP16.pdb,sul1_AMP23.JPG,,,,,
587,sul1_AMP17.pdb,sul1_AMP24.JPG,,,,,
588,sul1_AMP18.pdb,sul1_AMP25.JPG,,,,,
589,sul1_AMP19.pdb,sul1_AMP26.JPG,,,,,
590,sul1_AMP20.pdb,sul1_AMP27.JPG,,,,,
591,sul1_AMP21.pdb,sul1_AMP28.JPG,,,,,
592,sul1_AMP22.pdb,sul1_AMP29.JPG,,,,,
593,sul1_AMP23.pdb,sul1_AMP3.JPG,,,,,
594,sul1_AMP24.pdb,sul1_AMP30.JPG,,,,,
595,sul1_AMP25.pdb,sul1_AMP4.JPG,,,,,
596,sul1_AMP26.pdb,sul1_AMP5.JPG,,,,,
597,sul1_AMP27.pdb,sul1_AMP6.JPG,,,,,
598,sul1_AMP28.pdb,sul1_AMP7.JPG,,,,,
599,sul1_AMP29.pdb,sul1_AMP8.JPG,,,,,
600,sul1_AMP30.pdb,sul1_AMP9.JPG,,,,,
